Res_type,H,N,C,CA,CB,HA
A,0.691,3.762,2.005,1.939,1.967,0.483
C,0.768,4.540,1.845,3.107,6.213,0.684
D,0.676,4.075,1.647,1.902,1.458,0.314
E,0.715,3.805,1.919,2.131,1.849,0.465
F,0.805,4.223,1.980,2.558,2.095,0.658
G,0.730,3.906,1.715,1.166,999.9,0.298
H,0.773,4.884,2.049,2.103,2.166,0.593
I,0.758,4.812,1.941,2.472,1.966,0.611
K,0.677,3.934,1.899,2.168,1.724,0.449
L,0.719,4.404,1.848,2.047,1.831,0.523
M,0.771,3.892,2.127,2.148,2.520,0.553
N,0.672,4.410,1.647,1.838,1.715,0.400
P,999.9,5.543,1.495,1.580,1.116,0.441
Q,0.668,3.971,1.807,2.155,1.836,0.483
R,0.677,3.873,1.957,2.298,1.906,0.536
S,0.652,3.997,1.625,2.035,1.426,0.457
T,0.719,5.106,1.687,2.691,1.543,0.521
V,0.770,5.055,1.782,2.767,1.768,0.605
W,0.873,4.618,1.863,2.305,1.770,0.543
Y,0.876,4.996,1.843,2.171,2.236,0.653
